ID;tenantId;sourceSystem_ID;sourceEventId;documentNumber;documentType;postingDate;entryDate;amount;currency;userId;companyCode;debitAccount;creditAccount;costCenter;vendorId;businessObjectRef;riskScore;scored;metadata;ingestedAt;createdAt;modifiedAt
tx-001;a1b2c3d4-e5f6-7890-abcd-ef1234567890;cs-001;EVT-20240708-001;5000000001;JOURNAL_ENTRY;2024-07-08;2024-07-08;250000.00;USD;JSMITH01;1000;0010000;0020000;CC1000;V10001;FI-DOC-001;85;true;{"reversalFlag":false,"postingKey":"40"};2024-07-08T14:30:00Z;2024-07-08T14:30:00Z;2024-07-08T14:30:00Z
tx-002;a1b2c3d4-e5f6-7890-abcd-ef1234567890;cs-001;EVT-20240708-002;5000000002;PAYMENT_DOCUMENT;2024-07-08;2024-07-08;75000.00;USD;MJONES02;1000;0030000;0040000;CC2000;V10002;FI-DOC-002;45;true;{"paymentMethod":"T","bankAccount":"1234"};2024-07-08T15:00:00Z;2024-07-08T15:00:00Z;2024-07-08T15:00:00Z
tx-003;a1b2c3d4-e5f6-7890-abcd-ef1234567890;cs-002;EVT-20240708-003;5000000003;VENDOR_MASTER_CHANGE;2024-07-08;2024-07-08;0.00;USD;RKIM03;1000;;;CC1000;V10003;MM-VND-003;92;true;{"fieldChanged":"BANKN","oldValue":"****1111","newValue":"****9999"};2024-07-08T16:00:00Z;2024-07-08T16:00:00Z;2024-07-08T16:00:00Z
tx-004;b2c3d4e5-f6a7-8901-bcde-f12345678901;cs-003;EVT-20240708-004;6000000001;PURCHASE_ORDER;2024-07-08;2024-07-08;500000.00;CAD;LCHEN04;2000;0050000;0060000;CC3000;V20001;MM-PO-001;78;true;{"poType":"NB","releaseStrategy":"2-step"};2024-07-08T09:00:00Z;2024-07-08T09:00:00Z;2024-07-08T09:00:00Z
tx-005;b2c3d4e5-f6a7-8901-bcde-f12345678901;cs-003;EVT-20240708-005;6000000002;GOODS_RECEIPT;2024-07-08;2024-07-08;499850.00;CAD;LCHEN04;2000;0070000;0050000;CC3000;V20001;MM-GR-001;35;true;{"movementType":"101","poReference":"6000000001"};2024-07-08T11:00:00Z;2024-07-08T11:00:00Z;2024-07-08T11:00:00Z
tx-006;b2c3d4e5-f6a7-8901-bcde-f12345678901;cs-003;EVT-20240707-006;6000000003;INVOICE_RECEIPT;2024-07-07;2024-07-07;510000.00;CAD;ASINGH05;2000;0060000;0080000;CC3000;V20001;MM-IR-001;88;true;{"threeWayMatch":"FAIL","variance":"2.03%"};2024-07-07T16:00:00Z;2024-07-07T16:00:00Z;2024-07-07T16:00:00Z
tx-007;a1b2c3d4-e5f6-7890-abcd-ef1234567890;cs-001;EVT-20240707-007;5000000004;ROLE_ASSIGNMENT;2024-07-07;2024-07-07;0.00;USD;ADMIN01;1000;;;CC1000;;HR-RA-001;95;true;{"role":"SAP_ALL","targetUser":"JSMITH01","action":"ASSIGN"};2024-07-07T23:30:00Z;2024-07-07T23:30:00Z;2024-07-07T23:30:00Z
tx-008;c3d4e5f6-a7b8-9012-cdef-123456789012;cs-005;EVT-20240708-008;7000000001;JOURNAL_ENTRY;2024-07-08;2024-07-08;1000000.00;EUR;DMUELLER;3000;0010000;0090000;CC5000;V30001;FI-DOC-008;72;true;{"reversalFlag":false,"postingKey":"40","roundAmount":true};2024-07-08T20:00:00Z;2024-07-08T20:00:00Z;2024-07-08T20:00:00Z
tx-009;a1b2c3d4-e5f6-7890-abcd-ef1234567890;cs-001;EVT-20240706-009;5000000005;AUTH_CHANGE;2024-07-06;2024-07-06;0.00;USD;JSMITH01;1000;;;CC1000;;BC-AC-001;60;true;{"tcode":"SU01","action":"UNLOCK","targetUser":"SVCACCT"};2024-07-06T02:15:00Z;2024-07-06T02:15:00Z;2024-07-06T02:15:00Z
tx-010;a1b2c3d4-e5f6-7890-abcd-ef1234567890;cs-001;EVT-20240705-010;5000000006;PAYMENT_DOCUMENT;2024-07-05;2024-07-05;50000.00;USD;MJONES02;1000;0030000;0040000;CC2000;V10002;FI-DOC-010;55;true;{"paymentMethod":"C","bankAccount":"5678"};2024-07-05T10:00:00Z;2024-07-05T10:00:00Z;2024-07-05T10:00:00Z
tx-011;b2c3d4e5-f6a7-8901-bcde-f12345678901;cs-003;EVT-20240706-011;6000000004;TRANSPORT_IMPORT;2024-07-06;2024-07-06;0.00;CAD;DEVUSER1;2000;;;;;BC-TR-001;82;true;{"transport":"DEVK900123","targetSystem":"PRD","hasCustomCode":true};2024-07-06T22:00:00Z;2024-07-06T22:00:00Z;2024-07-06T22:00:00Z
tx-012;c3d4e5f6-a7b8-9012-cdef-123456789012;cs-005;EVT-20240708-012;7000000002;SECURITY_AUDIT_EVENT;2024-07-08;2024-07-08;0.00;EUR;UNKNOWN;3000;;;;;BC-SA-001;98;true;{"eventClass":"LOGIN","eventType":"FAILED","attempts":15,"sourceIP":"192.168.1.100"};2024-07-08T03:45:00Z;2024-07-08T03:45:00Z;2024-07-08T03:45:00Z
