ID;tenantId;priority;status;riskCategory;riskScore;financialExposure;title;description;triggeringTxId;riskIndicators;affectedEntities;recommendedActions;assignedAnalyst;aiSummary;aiTriageRec;aiConfidenceScore;clusterId;slaDeadline;escalatedAt;resolvedAt;resolutionType;resolutionNotes;investigation_ID;createdAt;modifiedAt
alert-001;a1b2c3d4-e5f6-7890-abcd-ef1234567890;CRITICAL;IN_PROGRESS;FRAUD_PATTERN;92;250000.00;Vendor creation and immediate payment by same user;User JSMITH01 created vendor V10003 and executed a $250K payment to the same vendor within hours. Pattern consistent with fictitious vendor fraud.;tx-001;["same_user_vendor_create_pay","amount_exceeds_p99","new_vendor_large_payment"];["JSMITH01","V10003","CC1000"];["Block pending payments to V10003","Review vendor legitimacy","Interview user"];ANALYST1;AI Analysis: This alert shows classic fictitious vendor fraud indicators. The same user created the vendor and initiated payment within 5.5 hours.;ESCALATE;95;cluster-001;2024-07-08T18:30:00Z;;;;;;;inv-001;2024-07-08T14:35:00Z;2024-07-08T16:00:00Z
alert-002;a1b2c3d4-e5f6-7890-abcd-ef1234567890;HIGH;OPEN;ANOMALY;85;250000.00;Unusual posting amount 5.5x above user mean;Transaction by JSMITH01 for $250K exceeds their historical mean ($45K) by 5.5 standard deviations. Posted to unusual account combination.;tx-001;["amount_deviation_5.5sigma","unusual_account_combo","off_hours_posting"];["JSMITH01","Account 0010000-0020000"];["Request manager approval","Hold transaction pending review"];ANALYST2;Behavioral anomaly detected. User typically posts amounts in $13K-$95K range. This $250K posting is highly anomalous.;INVESTIGATE;88;;2024-07-09T14:30:00Z;;;;;2024-07-08T14:32:00Z;2024-07-08T14:32:00Z
alert-003;b2c3d4e5-f6a7-8901-bcde-f12345678901;CRITICAL;ESCALATED;FRAUD_PATTERN;88;510000.00;Three-way match failure with vendor bank change correlation;Invoice 6000000003 exceeds PO by 2.03% AND vendor V20001 had bank details changed within 48hrs prior. High confidence fraud indicator.;tx-006;["3way_match_fail","vendor_bank_change_correlated","amount_variance_exceeds_threshold"];["ASINGH05","V20001","PO 6000000001"];["Block payment","Verify bank details with vendor directly","Review all recent V20001 invoices"];ANALYST1;Critical P2P fraud pattern: Bank change followed by inflated invoice. Combined risk indicators suggest vendor account compromise.;ESCALATE;92;cluster-002;2024-07-07T20:00:00Z;2024-07-08T08:00:00Z;;;;inv-002;2024-07-07T16:05:00Z;2024-07-08T08:00:00Z
alert-004;b2c3d4e5-f6a7-8901-bcde-f12345678901;MEDIUM;OPEN;P2P_CONTROL_GAP;65;10150.00;GR/IR clearing tolerance exceeded;GR amount deviates from PO amount by 0.03% which is within normal tolerance but the IR exceeds PO by 2.03%. Potential invoice manipulation.;tx-005;["ir_po_variance","clearing_delay"];["LCHEN04","V20001"];["Flag for three-way match review"];;;;;2024-07-10T09:00:00Z;;;;;2024-07-08T11:05:00Z;2024-07-08T11:05:00Z
alert-005;a1b2c3d4-e5f6-7890-abcd-ef1234567890;CRITICAL;IN_PROGRESS;PRIVILEGE_ESCALATION;95;0.00;SAP_ALL role assigned after hours with SoD violation;ADMIN01 assigned SAP_ALL to JSMITH01 at 23:30 outside business hours. Combined with user unlock in same session. Critical privilege escalation pattern.;tx-007;["sap_all_assignment","off_hours","sod_violation","combined_actions"];["ADMIN01","JSMITH01","Role SAP_ALL"];["Immediately revoke SAP_ALL from JSMITH01","Lock ADMIN01 pending investigation","Review all ADMIN01 actions in last 24h"];ANALYST1;Critical insider threat indicator. Late-night privilege escalation combined with account unlock suggests coordinated compromise.;ESCALATE;97;cluster-003;2024-07-08T03:30:00Z;;;;;;;inv-003;2024-07-07T23:35:00Z;2024-07-08T01:00:00Z
alert-006;c3d4e5f6-a7b8-9012-cdef-123456789012;HIGH;OPEN;ANOMALY;72;1000000.00;Round-amount journal entry EUR 1M to unusual account;EUR 1,000,000 journal entry posted to account 0090000 (suspense). Round amounts this large are flagged per threshold. User DMUELLER has elevated HR risk multiplier.;tx-008;["round_amount","suspense_account","elevated_hr_risk"];["DMUELLER","Account 0090000","CC5000"];["Request documentation","Hold GL period close until reviewed"];;;;;2024-07-09T20:00:00Z;;;;;2024-07-08T20:05:00Z;2024-07-08T20:05:00Z
alert-007;a1b2c3d4-e5f6-7890-abcd-ef1234567890;HIGH;OPEN;INSIDER_THREAT;82;0.00;Off-hours transport import combined with auth changes;User JSMITH01 imported transport and modified service account auth at 02:15 AM. Behavioral profile shows zero expected activity at this hour.;tx-009;["off_hours_activity_zero_expected","transport_import","auth_change_correlation","sod_violation"];["JSMITH01","SVCACCT","Transport DEVK900456"];["Review transport contents","Check SVCACCT for unauthorized access","Interview user about business justification"];;Off-hours system administration combined with authorization changes is a top insider threat indicator.;INVESTIGATE;85;;2024-07-07T02:15:00Z;;;;;2024-07-06T02:30:00Z;2024-07-06T02:30:00Z
alert-008;c3d4e5f6-a7b8-9012-cdef-123456789012;CRITICAL;OPEN;VULNERABILITY;98;0.00;Brute force login attempt - 15 failed attempts from single IP;15 failed login attempts for user UNKNOWN from IP 192.168.1.100 within 5 minutes. Exceeds threshold of 5 attempts.;tx-012;["brute_force_detected","single_source_ip","high_frequency"];["IP 192.168.1.100","System 7000"];["Block IP address","Review firewall rules","Check for successful logins from same IP"];;;;;2024-07-08T07:45:00Z;;;;;2024-07-08T03:50:00Z;2024-07-08T03:50:00Z
alert-009;a1b2c3d4-e5f6-7890-abcd-ef1234567890;LOW;RESOLVED_FALSE_POSITIVE;ANOMALY;45;50000.00;Payment amount slightly above historical pattern;Regular payment to V10002 of $50K is 1.2 standard deviations above mean. Likely within normal business variance.;tx-010;["amount_slightly_elevated"];["MJONES02","V10002"];["Monitor next 3 payments"];;Low-confidence anomaly. Pattern is within 2-sigma range.;MONITOR;42;;2024-07-10T10:00:00Z;;2024-07-06T14:00:00Z;FALSE_POSITIVE;Reviewed - quarterly payment cycle explains the variance.;;2024-07-05T10:05:00Z;2024-07-06T14:00:00Z
alert-010;b2c3d4e5-f6a7-8901-bcde-f12345678901;HIGH;OPEN;COMPLIANCE_BREACH;75;0.00;Transport to production with custom code - no security review;Transport DEVK900123 imported to PRD system containing custom ABAP code. No evidence of security review or CVA scan prior to import.;tx-011;["custom_code_in_transport","no_security_review","prod_import"];["DEVUSER1","Transport DEVK900123","System S4H-PRD-300"];["Quarantine transport objects","Run CVA scan","Review custom code for vulnerabilities"];;;;;2024-07-07T22:00:00Z;;;;;2024-07-06T22:05:00Z;2024-07-06T22:05:00Z
